PASTAS DA PRODUÇÃO,,,,,,,,,,,,,,,,,,,,,,,,,,,,,,,,,,,,,,,,,,,,,,,,,,,,,,,,,,,,,,,,,,,,,,,,,,,,,,,,,,,,,,,,,,,,,,,,,,,,,
Produtor,Figurino,Arte,Objeto,,,,,,,,,,,,,,,,,,,,,,,,,,,,,,,,,,,,,,,,,,,,,,,,,,,,,,,,,,,,,,,,,,,,,,,,,,,,,,,,,,,,,,,,,,,,,,,,,,
,,,,,,,,,,,,,,,,,,,,,,,,,,,,,,,,,,,,,,,,,,,,,,,,,,,,,,,,,,,,,,,,,,,,,,,,,,,,,,,,,,,,,,,,,,,,,,,,,,,,,
,,,,,,,,,,,,,,,,,,,,,,,,,,,,,,,,,,,,,,,,,,,,,,,,,,,,,,,,,,,,,,,,,,,,,,,,,,,,,,,,,,,,,,,,,,,,,,,,,,,,,
,NÃO MEXER,,,,,,,,,,,NOTAS FISCAIS    --     NOTAS FISCAIS    --     NOTAS FISCAIS    --     NOTAS FISCAIS    --     NOTAS FISCAIS    --     NOTAS FISCAIS    --     NOTAS FISCAIS    --     NOTAS FISCAIS    --     NOTAS FISCAIS    --     NOTAS FISCAIS    --     NOTAS FISCAIS    --     NOTAS FISCAIS    --     NOTAS FISCAIS    --     NOTAS FISCAIS    --     NOTAS FISCAIS    --     NOTAS FISCAIS    --     NOTAS FISCAIS    --     NOTAS FISCAIS    --     NOTAS FISCAIS    --     NOTAS FISCAIS    --     NOTAS FISCAIS    --     NOTAS FISCAIS    --     NOTAS FISCAIS    --     NOTAS FISCAIS    --     NOTAS FISCAIS    --     NOTAS FISCAIS    --     NOTAS FISCAIS    --     NOTAS FISCAIS    --     NOTAS FISCAIS    --     NOTAS FISCAIS    --     NOTAS FISCAIS    --     NOTAS FISCAIS    --     NOTAS FISCAIS    --     NOTAS FISCAIS    --     NOTAS FISCAIS    --     NOTAS FISCAIS    --     NOTAS FISCAIS    --     NOTAS FISCAIS    --     NOTAS FISCAIS    --     NOTAS FISCAIS    --     NOTAS FISCAIS    --     NOTAS FISCAIS    --     NOTAS FISCAIS    --     NOTAS FISCAIS    --     NOTAS FISCAIS    --     NOTAS FISCAIS    --     NOTAS FISCAIS    --     NOTAS FISCAIS    --     NOTAS FISCAIS    --     NOTAS FISCAIS    --     NOTAS FISCAIS  --     NOTAS FISCAIS    --      NOTAS FISCAIS    --     NOTAS FISCAIS    --    NOTAS FISCAIS    --     NOTAS FISCAIS    --    NOTAS FISCAIS    --     NOTAS FISCAIS    --    NOTAS FISCAIS    --    NOTAS FISCAIS    --    NOTAS FISCAIS    --,,,,,,,,,,,,,,,,,,,,,,,,,,,,,,,,,,,,,,,,,,,,,,,,,,,,,,,,,,,,,,,,,,,,,,,,,,,,,,,,,,,,,,,,,
,,SERVICE ID,,,,,,,,,,1,,,2,,,3,,,4,,,5,,,6,,,7,,,8,,,9,,,10,,,11,,,12,,,13,,,14,,,15,,,16,,,17,,,18,,,19,,,20,,,21,,,22,,,23,,,24,,,25,,,26,,,27,,,28,,,29,,,30,,
INDEX,JOB ID,ITEM,SUB,TIPO SERVIÇO,UN.,CACHE OU VERBA,DEPOSITADO,COMPROVADO,VERBA DISPONÍVEL,PASTA,CHECK SE O VALOR ESTÁ CONVERSANDO,VALOR,JUSTIFICATIVA,LINK,VALOR,JUSTIFICATIVA,LINK,VALOR,JUSTIFICATIVA,LINK,VALOR,JUSTIFICATIVA,LINK,VALOR,JUSTIFICATIVA,LINK,VALOR,JUSTIFICATIVA,LINK,VALOR,JUSTIFICATIVA,LINK,VALOR,JUSTIFICATIVA,LINK,VALOR,JUSTIFICATIVA,LINK,VALOR,JUSTIFICATIVA,LINK,VALOR,JUSTIFICATIVA,LINK,VALOR,JUSTIFICATIVA,LINK,VALOR,JUSTIFICATIVA,LINK,VALOR,JUSTIFICATIVA,LINK,VALOR,JUSTIFICATIVA,LINK,VALOR,JUSTIFICATIVA,LINK,VALOR,JUSTIFICATIVA,LINK,VALOR,JUSTIFICATIVA,LINK,VALOR,JUSTIFICATIVA,LINK,VALOR,JUSTIFICATIVA,LINK,VALOR,JUSTIFICATIVA,LINK,VALOR,JUSTIFICATIVA,LINK,VALOR,JUSTIFICATIVA,LINK,VALOR,JUSTIFICATIVA,LINK,VALOR,JUSTIFICATIVA,LINK,VALOR,JUSTIFICATIVA,LINK,VALOR,JUSTIFICATIVA,LINK,VALOR,JUSTIFICATIVA,LINK,VALOR,JUSTIFICATIVA,LINK,VALOR,JUSTIFICATIVA,LINK
,-,-,-,-,-,-,"R$ 0,00","R$ 0,00","R$ 0,00",,#N/A,,,,,,,,,,,,,,,,,,,,,,,,,,,,,,,,,,,,,,,,,,,,,,,,,,,,,,,,,,,,,,,,,,,,,,,,,,,,,,,,,,,,,,,,,,
,-,-,-,-,-,-,"R$ 0,00","R$ 0,00","R$ 0,00",,#N/A,,,,,,,,,,,,,,,,,,,,,,,,,,,,,,,,,,,,,,,,,,,,,,,,,,,,,,,,,,,,,,,,,,,,,,,,,,,,,,,,,,,,,,,,,,
,-,-,-,-,-,-,"R$ 0,00","R$ 0,00","R$ 0,00",,#N/A,,,,,,,,,,,,,,,,,,,,,,,,,,,,,,,,,,,,,,,,,,,,,,,,,,,,,,,,,,,,,,,,,,,,,,,,,,,,,,,,,,,,,,,,,,
,-,-,-,-,-,-,"R$ 0,00","R$ 0,00","R$ 0,00",,#N/A,,,,,,,,,,,,,,,,,,,,,,,,,,,,,,,,,,,,,,,,,,,,,,,,,,,,,,,,,,,,,,,,,,,,,,,,,,,,,,,,,,,,,,,,,,
,-,-,-,-,-,-,"R$ 0,00","R$ 0,00","R$ 0,00",,#N/A,,,,,,,,,,,,,,,,,,,,,,,,,,,,,,,,,,,,,,,,,,,,,,,,,,,,,,,,,,,,,,,,,,,,,,,,,,,,,,,,,,,,,,,,,,
,-,-,-,-,-,-,"R$ 0,00","R$ 0,00","R$ 0,00",,#N/A,,,,,,,,,,,,,,,,,,,,,,,,,,,,,,,,,,,,,,,,,,,,,,,,,,,,,,,,,,,,,,,,,,,,,,,,,,,,,,,,,,,,,,,,,,